{
  "ic_mean": 0.07943317588218951,
  "ic_ir": 0.6179856652777921,
  "q_spread_est": 0.0017595514400875478,
  "turnover_proxy": NaN,
  "n_obs": 17400
}